{
  "minecraft:recipes/decorations/crafting_table": {
    "criteria": {
      "unlock_right_away": "2024-10-26 00:25:43 +0000"
    },
    "done": true
  },
  "minecraft:adventure/adventuring_time": {
    "criteria": {
      "minecraft:birch_forest": "2024-10-26 00:26:00 +0000",
      "minecraft:stony_shore": "2024-10-26 00:25:44 +0000",
      "minecraft:forest": "2024-10-26 00:25:57 +0000",
      "minecraft:jungle": "2024-10-26 00:26:26 +0000",
      "minecraft:meadow": "2024-10-26 00:26:38 +0000"
    },
    "done": false
  },
  "DataVersion": 3465
}